,AOUT,AOUT,AOUT,AOUT,AOUT,AOUT,,AOUT,AOUT,AOUT,AOUT,,AOUT,AOUT,AOUT
Clients 🙆‍♂️,Numero TF,Date,Allez Valide,Retour Valide,COSTUMES 🤵,Taille 🦺,Taille Gelly 🙆‍♂️,Taille pantalon 👖,Tailleur,Chemises 🥼,Chaussures 👞,Acsessoires 🦋,VERS,PRIX,REST
Aymen,0, 26/8/2026,TRUE,TRUE,Tuxedo A avec Gelly A,46,46,,10 Cm,Chemise Cravate Bleu S,Achv Marron Foncé 41,,8000,8000,0
Hafid,07.76.97.77.09, 26/8/2026,TRUE,TRUE,invite Bue Nuite Croise,50,,,Gio-079,Chemise Blue Simle (L),noir achevie argent,Cravatte Noir,7000,7000,0
Zohir,, 26/8/2026,TRUE,TRUE,Invite Beige Simple,50,,,TK-405,Chemise Blanc simple (XL),Noir brillon achv doré 42,,8000,8000,0
Youcef,, 30/8/2026,TRUE,TRUE,Jabador blanc avec beige,58,,,,,,,4000,4000,0
Touati,0781383134, 12/9/2026,TRUE,TRUE,Tuxedo A,50,,52,,Chemise BRG Line BLANC (L),Noir glasse cordon 43,,10000,10000,0
Khaled Cheurgia,06 72350174, 1/9/2026,TRUE,TRUE,Invite Noir Simple,48,48,48,(9Cm),Chemise Papillon Blanc S,Cordon Glacé Simple 42,,8000,8000,0
djillali Abass,0668494967, 1/9/2026,TRUE,TRUE,invite Blue Nuit arriere,50,,52,TK-525 (14CM),Chemise simple blanc (L),marron warda (41),,8000,8000,0
Abdelah Abass,0668494967, 1/9/2026,TRUE,TRUE,Invite Beige Simple,48,,48,TK-405 (20 CM),Chemise blanc Simple (S),Invite achv argent 41,,8000,8000,0
Hidra ,0657274420, 1/9/2026,TRUE,TRUE,Invite Noir Simple,52,,52,Tk-513,Chemise blan simple (L),Achv Noir mat argent(42),,8000,8000,0
Bouksara ghani,33748532326, 2/9/2026,TRUE,TRUE,Invite Noir Simple,56,,,Tk-513 (15.5cm),Chemise blan xxl,Achv brillion doré(43),,8000,8000,0
Zaki photograf,, 3/9/2026,TRUE,TRUE,Pantalon Invite Noir Simple,52,,,,,,gravatte Rouge,0,,0
Sidahmed fotograf,, 3/9/2026,TRUE,TRUE,,48,44,,,,,,2000,2000,0
Bouzid Nacer,0696191256, 3/9/2026,TRUE,TRUE,Tuxedo A,50,,52,(14 CM),Chemise blanc simple (L),Glass noir 40,,9000,9000,0
Sofiane Salaa,0666711131, 3/9/2026,TRUE,TRUE,"Jabador XL - Vert , Tuxedo F avec Gelly D",56,,58,(16Cm) ,BRG 2XL,"Cordon Glacé Simple 43 , Bligha Jaune 44",,15000,15000,0
Mustafa hadri,, 3/9/2026,TRUE,TRUE,Invite Beige Simple,50,,52,90cm,Chemise blan simple(xl),Maron(43),,6000,6000,0
Kada,0542512201, 3/9/2026,TRUE,TRUE,Invite Noir Simple,48,,48,TK-513 🫨,Chemise blan simple (M),Noir glass achevie gold 41,,8500,8500,0
Dahmane,0665431253, 3/9/2026,TRUE,TRUE,Invite Beige Simple,48,,48,Tk-405 🫨,Chemise simple blan (M),Marron papilon 41,,8500,8500,0
ABDOU,0676 45 79 89, 4/9/2026,TRUE,TRUE,3riss A + jabador vert avec blanc ,52,,50,,Chemise blanc BRG LINE (M),Noir brillon achv doré 43 bligha blanc 43,,14000,14000,0
Sidahmed chaala,0794459400, 4/9/2026,TRUE,TRUE,3riss D +bernouss copé,48,,,86 Cm,Chemise BRG M,Cordon mat 40,,13000,13000,0
Abdenour,0781068115, 4/9/2026,TRUE,TRUE,Invité bleu arilleur ,46,,,,Chemise noir(M),❌,,6500,6500,0
Mourad,0564774032, 7/9/2026,TRUE,TRUE,3riss E ,54,,56,(19CM) ,chemise simple (XXL) ,Glass noir 42 ,,9000,9000,0
Balash Abdelkader,0555967473, 9/9/2026,TRUE,TRUE,invite Bue Nuite Croise,52,,,,Chemise Blanc gravate (L),Chr Dorre Glasse 43,,8000+{20000},8000,0
zakaria alaa dine ,0553074218, 9/9/2026,TRUE,TRUE,Jabador M - Grenat,,,,,,Bligha Beige 42,,4000,4000,0
Mohamed chorfa,07 71575890, 9/9/2026,TRUE,TRUE,invite gris ,52,,56,97.5 Cm,chemis noir L ,cordon mat 42  (te meroune),,11000,11000,0
Belasla Zoo,0662944897, 10/9/2026,TRUE,TRUE,invite Bue Nuite Croise,50,,54,,chemise Blanc gravatte XL,chr argent 43,,9000,9000,0
Mokhtar,, 10/9/2026,TRUE,TRUE,3riss E + JABADOR blanc,50,,50,🫨,Chemise BRG blan(M),Glass noir 40 +Bligha beige 43,,12000,12000,0
Moujab,0698445484, 10/9/2026,TRUE,TRUE,3riss A,46,,48,92 cm ,chrmis blanc encastre (S),chaussure noire achevé glasse ,,10000,10000,0
Oussama mokhtit ,, 10/9/2026,TRUE,TRUE,barnous noir  twil,,,,,,bligha bayda 43,,4000,4000,0
zoubir,0, 10/9/2026,TRUE,TRUE,Beige ,50,,,52,chemise noir Simple (XL),chr noir simple glasse cordon ,,9000,9000,0
,,,,,,,,,,,,,,,
Belasla zoo,06 62944897, 10/9/2026,TRUE,TRUE,Invite Blue croise,50,,54,15 Cm,Xl blanc simple,Achv argent 43,,9000,9000,0
Reda boukhidech,0553822866, 10/9/2026,TRUE,TRUE,Invite vert,46,,52,0,Blan (L),Glasse dore(42),,8000,8000,0
Kaddar mohamed,0779273677, 11/9/2026,TRUE,TRUE,3riss D,44,,,24cm,Chemise gravate (S),,,0,10000,0
,,,,,,,,,,,,,,,
abdelhakim Saber,0771457861, 11/9/2026,TRUE,TRUE,3riss A+ Jabador Vert 80,46,,48, (21CM) (slimi),Chemise Button Encastre (M),glasse noir 41+ Bligha beige 43  ,,14000,14000,0
Nasserdine Hama,0797506343, 11/9/2026,TRUE,TRUE,invite gris avec black,48,,48,Prt-525 (20Cm),Chemise noir Simple (S),,,7000,7000,0
Kallal Houcine,0664389062, 11/9/2026,TRUE,TRUE,3riss B+ Barnous,44,,,84cm,Chemise blan (S),Achv noir mat(41),,13000,13000,0
Kallal karim,0673036511, 11/9/2026,TRUE,TRUE,Invite bleu nuit + Barnous,50,,54,97cm,,Achv maron claire,,10000,10000,0
Guendouz Oussama,0782872707, 11/9/2026,TRUE,TRUE,,0,,,,,Achv dore 40,,1000,1000,0
Benchouka Touati,0666431717, 12/9/2026,TRUE,TRUE,Invite bleu nuit Croise,46,,50,8 cm,Chemise simple blanc (M),Achevie noir mat argant (41),,8000,8000,0
Benhalima hamou,0660712010, 12/9/2026,TRUE,TRUE,Invite vert croise,48,,50,97 cm,Chemise Blanc L+Gravatte,Achv marron foncé 41,,8000,8000,0
Rooaghia Laid,0557292561, 12/9/2026,TRUE,TRUE,3riss (E),44,,46,92cm,Chemis BRG LINE (S),Glasse simple 40,,10000,10000,0
Mohamed chorfi,0664761586, 13/9/2026,TRUE,TRUE,"Tuxedo A avec Gelly A , Jabador L - Beige , Barnous Dore",46,,46,F (19cm),Chemise Cravate Noir S,"Cordon Glacé Simple 42 , Bligha Beige 42",,15000,15000,0
Sifou,0771548078, 13/9/2026,TRUE,TRUE,Invite gris (10000 Da Consille)⚠️,50,,52,25cm,Chemise simple blan(M),Achv noir brillion doré(42),,8000,8000,0
Hichem belamara ,0796287861, 13/9/2026,TRUE,TRUE,3riss F ,54,,56,13cm,Chemise blan simple(xxl),Cordon noir mat(42),,10000,10000,0
Abdellah,, 13/9/2026,TRUE,TRUE,3riss B ,54,,50,105cm,❌,❌,,7000,7000,0
Benferiha houssam,0556825197, 14/9/2026,TRUE,TRUE,Beige,50,,52,0,Noir L,Marron foncé 42,,0,10000,10000
Benfriha jeepa krimo,0, 14/9/2026,TRUE,TRUE,Invite Beige,58,,58,95 cm,Noir 4xl,Noo,,0,10000,10000
Benfriha billal,0, 14/9/2026,TRUE,TRUE,B,50,,50,94,XL blanc,Cordon mat 44,,0,10000,10000
Aziz photograf,0, 14/9/2026,TRUE,TRUE,Pontalon noir (costume invt noir),0,,54,❌,Noir (xxl),Maron foncé (42),,4000,4000,0
,,,,,,,,,,,,,,,
Benssalah mohamed,0771232572, 15/9/2026,TRUE,TRUE, Inviti rouge,48,,,15 Cm,Chemise blan (M),Achev maron (41),,8000,8000,0
Hadou omar,0550460473, 15/9/2026,TRUE,TRUE,E,50,,48,97,Brg (M),Cordon mat 43,,10000,10000,0
Bensalah faycal,0772025829, 15/9/2026,TRUE,TRUE,❌,0,,0,❌,Senture + gravate noir (berbery),❌,,1000,1000,0
Madjid Rezga (6000 Da Consille),213699457870, 16/9/2026,TRUE,TRUE,Pantalon A,,,,0,Chemise Cravate Noir S,Achv Doré 42,,5000,5000,0
BELHadj yassin ,0796838253, 16/9/2026,TRUE,TRUE,pantalon noir (gris) 50 ,,,,91 cm ,chemis blanc simple (S) ,chr demi mat 42,,5000,5000,0
Belmokhtar Islam,0795354910, 16/9/2026,TRUE,TRUE,Costume greuna,50,,52,102 cm,Chemise blanc L+gravatte rouge+warda blue,Chr marron clair 43,,7500,7500,0
Miloud Djoumi ,0782193569, 16/9/2026,TRUE,TRUE, jabador rouge (XXL ),,,,,,,,4500,4500,0
,,,,,,,,,,,,,,,
Aymen khelloul,0697558953, 17/9/2026,TRUE,TRUE,Invt vert,50,,48,102 cm,Noir (M),Achv noir argent pt 42,,8000,8000,0
Mohamed khelloul,0670612625, 17/9/2026,TRUE,TRUE,Invite Blue Nuit Croise,52,,52,103cm,Chemise Papillon Blanc M,Achv argent 43,,8000,8000,0
Bouyagoub Ahmed ,0671274074, 17/9/2026,TRUE,TRUE,3riss B + barnouss 9sir,46,,,88cm,Chemise papilon (S),Brillon simple(42),,14000,14000,0
Khalloul ayoub,0697920211, 17/9/2026,TRUE,TRUE,Invite noir,52,,56,00cm,Papillon simple (L),Achev noir mat argent 41 ,,9000,9000,0
Ben kaybich mansour ,0557552446, 17/9/2026,TRUE,TRUE,G + jabador beige,48,,48,0,M simple blanc,Glasse (خط )  40 + bligha beige 43,,13000,13000,0
Himour fethi,0791847674, 17/9/2026,TRUE ,TRUE,D,52,,52,97,XL Blanc encastré+ Gravatte,Achv argent 42,,9000,9000,0
mohamed hamani,0696248200, 18/9/2026,TRUE,TRUE,Tuxedo A avec Gelly A,50,,50,90 cm  papillon mixen,Chemise Papillon Blanc M,Cordon Glacé Arrière 42,,7000,7000,0
Mokhtar baghdadi,0776749300, 18/9/2026,TRUE,TRUE,Tuxedo C avec Gelly C,56,,56,95,Chemise Papillon Blanc XL,Cordon Mat 44,,12000,12000,0
Adel mansour ,0660961199, 18/9/2026,TRUE,TRUE,"Tuxedo C avec Gelly C , Jabador M - Grenat",52,,52,91.5,Chemise Cravate Blanc L,Achv Demi Mat 43,,15000,15000,0
Fethi messali,0670032555, 18/9/2026,TRUE,TRUE,,48,,50,93,Chemise Cravate Blanc M,,,5500,5500,0
Thari mehdi,0660620777, 18/9/2026,TRUE,TRUE,"Tuxedo A avec Gelly A , Jabador S - Grenat",48,,48,0,Chemise Papillon Blanc M,Achv Demi Mat 40,,15000,15000,0
Fiyo tayeb,0795649717, 18/9/2026,TRUE,TRUE,Tuxedo C avec Gelly C,50,,52,90,Chemise Papillon Blanc L,Achv Demi Mat 41,,11000,11000,0
Kamel belasgae,0673679734, 18/9/2026,TRUE,TRUE,"Tuxedo A avec Gelly A , Jabador S - Vert",46,,46,25 cm,Chemise Papillon Blanc S,Cordon Glacé Simple 40,,15000,15000,0
Chahed hadj,0671113379, 18/9/2026,TRUE,TRUE,Tuxedo F avec Gelly F,50,,48,❌(91cm),Chemise Papillon Blanc M,Achv Doré 43,,11500,11500,0
benkesmia bilal ,213676554717, 18/9/2026,TRUE,TRUE,Tuxedo C avec Gelly C,46,,46,99cm,Chemise Papillon Blanc M,Cordon Glacé Simple 43,,12000,12000,0
Adel Larid,0550942532, 19/9/2026,TRUE,TRUE,Invite Blue Nuit Croise,50,,50,93,Chemise Cravate Blanc L,Achv Marron Foncé 41,,7000,7000,0
Darrar messabih,0555936933, 19/9/2026,TRUE,TRUE,,,,,,,,,5000,5000,0
bekouche aymen ,213658146862, 19/9/2026,TRUE,TRUE,Invite Noir Simple,48,,48,0,Chemise Cravate Blanc S,,,9000,9000,0
Benamara Alaa Eddine,0, 20/9/2026,TRUE,TRUE,Jabador XL - Vert,,,,XXL ,,,,5000,5000,0
Adel larid,0550942532, 21/9/2026,TRUE,TRUE,Tuxedo D avec Gelly D,50,50,50,94.5,Chemise Papillon Blanc L,Cordon Glacé Simple 41,,10000,10000,0
Boubou makhlouf,0770610693, 23/9/2026,TRUE,TRUE,Tuxedo A avec Gelly A,46,,,96cm,BRG S,,,10000,10000,0
Cherife abdeaziz,0697279831, 23/9/2026,TRUE,TRUE,Tuxedo D avec Gelly D,54,,54,0,BRG XL,Achv Doré 43,,10000,10000,0
amar bentouta,0560833147-0771002355, 23/9/2026,TRUE,TRUE,Tuxedo E avec Gelly E,48,48,46,92 cm ,Chemise Papillon Blanc M,Cordon Glacé Arrière 41,,12000,12000,0
Khouassa charef,0549957544, 24/9/2026,TRUE,TRUE,Invite Noir Simple,50,,50,98 cm,Chemise Cravate Blanc XL,Achv Doré 41,,7000,7000,0
Achir abdelkader,0672342118, 24/9/2026,TRUE,TRUE,Tuxedo A avec Gelly A,52,,50,95,Chemise Papillon Blanc XL,Cordon Glacé Simple 40,,8000,8000,0
Achir sidahmed,0795328656, 24/9/2026,TRUE,TRUE,Tuxedo B avec Gelly B,52,,50,96 cm,Chemise Papillon Blanc L,Cordon Glacé Simple 40,,9000,9000,0
Chraitia djamal,0664601660, 25/9/2026,TRUE,TRUE,Tuxedo A avec Gelly A,56,,58,93cm,Chemise Papillon Blanc 3XL,Cordon Glacé Simple 44,,12000,12000,0
Fertoul mohamed,, 25/9/2026,TRUE,TRUE,Barnous Doré Max,,,,,,,,4000,4000,0
Bourahla daoud,0779539206, 25/9/2026,TRUE,TRUE,Tuxedo E avec Gelly E,44,,48,91cm,BRG M,Cordon Glacé Simple 39,,10000,10000,0
Bourahla mohamed,0793921037, 25/9/2026,TRUE,TRUE,Invite Vert Croise,52,,52,94cm,Chemise Cravate Noir XL,Achv Marron Clair 41,,9000,9000,0
Jeddi mohamed,0792087456, 26/9/2026,TRUE,TRUE,"Tuxedo D avec Gelly D , Jabador S - Beige",52,,50,5.5cm,Chemise Papillon Blanc M,Cordon Mat 41,,15000,15000,0
Ahmed chorfi,0662954152, 25/9/2026,TRUE,TRUE,Invite Blue Nuit Croise,46,,48,00,Chemise Cravate Blanc L,Achv Marron Clair 43,,8000,8000,0
,,,,,,,,,,,,,,,
ishak zaoui,0554937419, 27/9/2026,TRUE,TRUE,Invite Vert Croise,48,,50,97cm ,Chemise Cravate Blanc L,Achv Marron Clair 43,,8000,8000,0
Boubaker ganona,0776519154,10/1/2026,TRUE,FALSE,Jabador L - Vert,,,,0,,Bligha Beige 41,,4000,4000,0
Mostefai Billal,0000,9/17/2026,TRUE,TRUE,Tuxedo A avec Gelly A,54,,56,95 cm,Chemise Papillon Blanc 2XL,Cordon Glacé Simple 44,,12000,12000,0
Makou rami,0657248302,9/17/2026,TRUE,TRUE,Invite bleu nuit croise,54,,54,94,Simple blan (xxl),Maron clair (42),,9000,9000,0
Nassim Mezzaa,+33665187404,9/23/2026,TRUE,TRUE,Invite Noir Simple,52,,52,92,Chemise Cravate Blanc L,Achv Demi Mat 42,,9000,9000,0
Laouar rabeh,0770367628,9/17/2026,TRUE,TRUE,Invite gris,52,,56,❌,Noir Xl+gravatte,Chr Noir glasse simple 44,,7500,7500,0
Laouar rabeh,0770367628,9/17/2026,TRUE,TRUE,❌,,,,,Chemise blanc 2Xl,Bligha blanc 44,,2500,2500,0
Hicham medjahri,0670430119,9/30/2026,TRUE,FALSE,Tuxedo E avec Gelly E,52,48,52,99cm (slimi 1.5cm),Chemise Papillon Blanc M,Cordon Glacé Arrière 42,,11000,11000,0
Mustafa amtout 📍(Oued Rhiou),0773206568,https://docs.google.com/document/d/1nArOe0ObI8IuYlXXPt-RXZ3BdPt29YGmRPEWiV69ryk/edit?tab=t.0Mustafa amtout 📍(Oued Rhiou).pdf,9/27/2026,TRUE,TRUE,Tuxedo F avec Gelly F,58,,58,86.5 cm (slimi 14cm),Chemise Papillon Blanc 3XL,Cordon Glacé Simple 43,,9000,9000
Hassan Bettich,0793364931,9/18/2026,TRUE,TRUE,Invite Greuna,52,,,0,Chemise Cravate Noir 2XL,,,3000,3000,0
Ramou Mansour,0661840084,9/18/2026,TRUE,TRUE,Invite Vert Croise,54,,56,89 Cm,Chemise Cravate Noir 3XL,Achv Marron Clair 40,,8000,8000,0
Rabah laouar,00,9/17/2026,TRUE,TRUE,Invité noire,58,,56,0,3 XL blanc,Cordon mat 43,,7500,7500,0
Walid benani,0778697183,9/17/2026,TRUE,TRUE,,54,,,0,,Achv Marron Foncé 42,,7000,7000,0
Mohamed wiz,0669610808,9/17/2026,TRUE,TRUE,,,,,0,,,,2000,2000,0
Belekhal laid,0662245447,9/25/2026,TRUE,TRUE,Tuxedo B avec Gelly B,54,,52,96cm.    Nv,Chemise Papillon Blanc XL,Cordon Glacé Simple 42,,11500,11500,0
Oussama sari,0,9/18/2026,TRUE,TRUE,Invite Blue Arriere,54,,56,0,,Achv Marron Clair 44,,0,0,0
inconnu,0792318241,9/18/2026,TRUE,TRUE,,,,,,Chemise Cravate Blanc S,Cordon Mat 41,,,0,0
inconnu,0771575890,9/25/2026,TRUE,TRUE,"Jabador S - Grenat , Tuxedo D avec Gelly D",46,,46,0,Chemise Papillon Blanc S,"Cordon Glacé Simple 42 , Bligha Beige 43",,14000,14000,0
inconnu,0673438666,9/25/2026,TRUE,TRUE,Invite Vert Croise,48,,50,00cm,Chemise Zara Noir S,Achv Demi Mat 43,,8000,8000,0
inconnu,0670390465,9/20/2026,TRUE,TRUE,,,,46,,Chemise Cravate Blanc S,Achv Demi Mat 41,,4500,4500,0
inconnu,0656717150,9/24/2026,TRUE,TRUE,"Jabador S - Vert , Tuxedo C avec Gelly C",52,,52,90 cm,Chemise Papillon Blanc L,Cordon Glacé Simple 42,,15000,15000,0
,,,,,,,,,,,,,,,
inconnu,00,9/19/2026,TRUE,TRUE,,,,,,,Cordon Glacé Simple 41,,1500,1500,0
Berrahal Rachid,0667312274,10/1/2026,TRUE,FALSE,Invite Vert Croise,48,48,54,93.5 Cm,Chemise Cravate Noir XL,Achv Marron Clair 42,,8000,8000,0
inconnu,0775235575,9/24/2026,TRUE,TRUE,Invite Beige Simple,54,54,54,95,Chemise Papillon Blanc 2XL,Achv Marron Clair 42,Papillon,11000,11000,0
inconnu,0541308288,9/24/2026,TRUE,TRUE,Invite Blue Arriere,54,56,56,97 cm,Chemise Cravate Bleu 2XL,Achv Marron Foncé 42,Cravatte,10000,10000,0
inconnu,0553798009,9/24/2026,TRUE,TRUE,Invite Noir Simple,54,56,54,98.5 cm,Chemise Cravate Noir 2XL,Cordon Mat 43,Cravate,8000,8000,0
Tahri said,0558555344,9/25/2026,TRUE,TRUE,Invite Blue Nuit Croise,52,52,56,102 cm,Chemise Cravate Blanc L,Achv Marron Clair 44,,8000,8000,0
Benadidou amar,0656567206,10/1/2026,TRUE,FALSE,Invite Greuna,56,60,60,90cm,Chemise Cravate Blanc 4XL,Achv Demi Mat 44,,8000,8000,0
Berrahal youcef,0667312274,10/1/2026,TRUE,FALSE,Tuxedo F avec Gelly E,56,58,56,81.5cm,Chemise Cravate Blanc 3XL,Cordon Glacé Arrière 41,Gravate rouge,10000,10000,0
Bencheni mohamed,0666923873,9/29/2026,TRUE,TRUE,Jabador XL - Beige,,,,,,Bligha Beige 45,,7000,7000,0
Mahi aboubaker,0540516518,10/1/2026,TRUE,FALSE,Invite Noir Simple,52,52,46,0,Chemise Cravate Blanc L,Achv Demi Mat 41,0,7000,7000,0
Hamo amani,0776565239,9/25/2026,TRUE,TRUE,Invite Gris,52,52,54,96 cm,Chemise Cravate Noir XL,Achv Argent 43,Cravatte gris,9000,9000,0
,,,,,,,,,,,,,,,
Mezilet abdelkader,0672300090,10/24/2026,FALSE,FALSE,Tuxedo F avec Gelly F,52,52,52,93cm,Chemise Papillon Blanc L,Cordon Glacé Simple 41,,3000,13000,10000
Matmour tahar,0794959472,10/14/2026,FALSE,FALSE,Tuxedo G avec Gelly G,46,48,46,90cm,Chemise Papillon Blanc M,Cordon Glacé Simple 40,,4000,8000,4000
Kassar yassine,0667502729,9/28/2026,TRUE,TRUE,"Tuxedo E avec Gelly E , Jabador M - Vert",56,56,56,97cm,Chemise Papillon Blanc 2XL,Cordon Glacé Arrière 43,,15000,15000,0
Rayane jari,0792108024,9/24/2026,TRUE,TRUE,Invite Noir Simple,56,56,56,00cm,Chemise Zara Noir 2XL,Cordon Mat 42,,5500,5500,0
Brahim boubout,0782701314,9/25/2026,TRUE,TRUE,Jabador M - Grenat,,,,,,Bligha Beige 42,,6000,6000,0
Sofiane toumi,0794331209,10/3/2026,FALSE,FALSE,Jabador M - Beige,,,,,,Bligha Blanc 43,,2000,3000,1000
Benkrich bendhiba,000,9/25/2026,TRUE,TRUE,Invite Blue Nuit Croise,48,,50,0cm,Chemise Cravate Bleu M,Achv Marron Foncé 41,,8000,8000,0
Boutchaida bachir,0670269206,10/16/2026,FALSE,FALSE,Tuxedo A avec Gelly A,50,46,50,88.5,Chemise Cravate Blanc L,Cordon Mat 41,,0,13000,13000
Mkenfer arbi,0673438666,9/25/2026,TRUE,TRUE,Tuxedo D avec Gelly D,44,44,48,00cm,Chemise Papillon Blanc S,Achv Demi Mat 42,,11000,11000,0
Hattab miloud,0697721428,10/30/2026,FALSE,FALSE,"Tuxedo A avec Gelly A , Jabador S - Beige",46,46,46,Mazal…,Chemise Papillon Blanc S,Cordon Glacé Simple 42,,0,0,0
Sofiane Salaa 2 (Rah Day Costume ta3 Youcef Berrahel),0666711131,9/25/2026,TRUE,TRUE,Tuxedo D avec Gelly D,56,56,58,16 CM,Chemise Cravate Blanc 2XL,"Cordon Mat 44 , Cordon Glacé Simple 42",,11000,11000,0
Sassi mohamed el amine,0784800748,9/24/2026,TRUE,TRUE,Invite Gris,50,,56,00cm,Chemise Cravate Noir L,Achv Argent 42,,9000,9000,0
Bendida kheirddine,0671205952,9/25/2026,TRUE,TRUE,Invite Noir Simple,48,48,44,0,Chemise Cravate Noir S,Achv Doré 41,Cravate rouge + papilon noir,8500,8500,0
Si ali abelmajid,0659730085,9/26/2026,TRUE,TRUE,Invite Beige Simple,48,48,48,92.5cm,Chemise Cravate Noir S,Achv Demi Mat 40,2 papillon ( gris-fleur noir),9000,9000,0
Latrech nadir,0659466908,9/27/2026,TRUE,TRUE,,,,,,Chemise Cravate Bleu S,Achv Doré 41,Centure,3500,3500,0
Genouna larbi,0657114463,10/9/2026,FALSE,FALSE,Pantalon Invite Noir Simple,,,56,98 cm من تحت,Chemise Cravate Bleu 2XL,Achv Marron Clair 44,,2000,5000,3000
Ganouna nasreddine,0660609564,10/9/2026,FALSE,FALSE,Tuxedo B avec Gelly B,56,56,54,97 cm من تحت,Chemise Cravate Blanc L,Cordon Glacé Simple 41,Cravate noir + papillon noir,4000,11000,7000
Belayachi hamouda,0540099449,10/15/2026,FALSE,FALSE,Invite Vert Croise,46,,48,94cm,Chemise Cravate Noir L,Achv Marron Clair 42,Cravate safra,2000,6000,4000
,,,,,,,,,,,,,,,
,,,,,,,,,,,,,,,
Islam karbaa,0792737481,10/3/2026,FALSE,FALSE,Jabador S - Vert,,,,,,Bligha Blanc 43,,1000,6000,5000
,,,,,,,,,,,,,,,
,,,,,,,,,,,,,,,
,,,,,,,,,,,,,,,
Abdelghani khelifa,0776590149,10/15/2026,FALSE,FALSE,Tuxedo A avec Gelly A,56,56,54,92 cm + slimi,Chemise Papillon Blanc 2XL,Cordon Glacé Simple 42,Papillon,0,13000,13000
Emro esen,0699743146,9/29/2026,TRUE,TRUE,Pantalon A,,,58,0,Chemise Cravate Blanc 3XL,Cordon Mat 44,Papillon + senteur,6000,6000,0
Alparslan kds,0699743146,9/29/2026,TRUE,TRUE,Pantalon A,,,54,0,Chemise Cravate Blanc 2XL,,Cravate bleu + senteur,4500,4500,0
Boubakar ganouna,0776519151,10/1/2026,TRUE,FALSE,Tuxedo C avec Gelly C,46,46,46,00cm,Chemise Papillon Blanc S,Cordon Glacé Arrière 40,Warda bayda,12000,12000,0
Amine amara,0791031795,10/2/2026,TRUE,FALSE,Tuxedo A avec Gelly A,54,54,54,99cm,Chemise Papillon Blanc XL,Achv Doré 42,Papillon mexicene + noir,10000,10000,0
Bouksara ghani 2,0558596246,10/1/2026,TRUE,FALSE,Invite Noir Simple,56,56,56,90 cm,Chemise Cravate Blanc 2XL,Achv Doré 43,Consign 6000 da,8000,8000,0
Lasla saif eddine,0780953743,10/2/2026,TRUE,FALSE,Tuxedo C avec Gelly C,44,44,46,0,Chemise Papillon Blanc S,Cordon Glacé Simple 41,Papillon brillon (nv),14000,14000,0
Benhamadi houcine,067489281,10/1/2026,TRUE,FALSE,Invite Noir Simple,54,54,52,Slimi,Chemise Cravate Blanc 2XL,Achv Argent 42,Cravate rouge,8000,8000,0
,,,,,,,,,,,,,,,
Berrichi Rayane,0654094085,10/2/2026,FALSE,FALSE,Pantalon A,,,46,96.5 Cm,Chemise Cravate Blanc S,Cordon Glacé Simple 40,Cravate,5000,5000,0
Fares karbaa,0779638038,10/3/2026,TRUE,FALSE,Invite Vert Croise,54,,52,0 CM,Chemise Cravate Blanc 2XL,Achv Marron Clair 42,Gravatte gris,8000,8000,0
Kafif Abdelaziz,0771715958,10/16/2026,FALSE,FALSE,Tuxedo C avec Gelly C,50,52,52,96.5 Cm,Chemise Papillon Blanc XL,Cordon Glacé Simple 41,,,,0
Test,444444444444444444444444444444444444444,,FALSE,FALSE,Tuxedo A avec Gelly C,,,,,,,,5000,10000,5000